INSERT INTO `course` (`c_id`, `c_name`, `t_id`) VALUES (1, '语文', 2);
INSERT INTO `course` (`c_id`, `c_name`, `t_id`) VALUES (2, '数学', 1);
INSERT INTO `course` (`c_id`, `c_name`, `t_id`) VALUES (3, '英语', 3);
INSERT INTO `score` (`s_id`, `c_id`, `score`) VALUES (1, 1, 80);
INSERT INTO `score` (`s_id`, `c_id`, `score`) VALUES (1, 2, 90);
INSERT INTO `score` (`s_id`, `c_id`, `score`) VALUES (1, 3, 99);
INSERT INTO `score` (`s_id`, `c_id`, `score`) VALUES (2, 1, 70);
INSERT INTO `score` (`s_id`, `c_id`, `score`) VALUES (2, 2, 60);
INSERT INTO `score` (`s_id`, `c_id`, `score`) VALUES (2, 3, 80);
INSERT INTO `score` (`s_id`, `c_id`, `score`) VALUES (3, 1, 80);
INSERT INTO `score` (`s_id`, `c_id`, `score`) VALUES (3, 2, 80);
INSERT INTO `score` (`s_id`, `c_id`, `score`) VALUES (3, 3, 80);
INSERT INTO `score` (`s_id`, `c_id`, `score`) VALUES (4, 1, 50);
INSERT INTO `score` (`s_id`, `c_id`, `score`) VALUES (4, 2, 30);
INSERT INTO `score` (`s_id`, `c_id`, `score`) VALUES (4, 3, 20);
INSERT INTO `score` (`s_id`, `c_id`, `score`) VALUES (5, 1, 76);
INSERT INTO `score` (`s_id`, `c_id`, `score`) VALUES (5, 2, 87);
INSERT INTO `score` (`s_id`, `c_id`, `score`) VALUES (6, 1, 31);
INSERT INTO `score` (`s_id`, `c_id`, `score`) VALUES (6, 3, 34);
INSERT INTO `score` (`s_id`, `c_id`, `score`) VALUES (7, 2, 89);
INSERT INTO `score` (`s_id`, `c_id`, `score`) VALUES (7, 3, 98);
INSERT INTO `student` (`s_id`, `s_name`, `s_date`, `s_sex`) VALUES (1, '赵雷', '1990-01-01', '男');
INSERT INTO `student` (`s_id`, `s_name`, `s_date`, `s_sex`) VALUES (2, '钱电', '1990-12-21', '男');
INSERT INTO `student` (`s_id`, `s_name`, `s_date`, `s_sex`) VALUES (3, '孙风', '1990-12-20', '男');
INSERT INTO `student` (`s_id`, `s_name`, `s_date`, `s_sex`) VALUES (4, '李云', '1990-12-06', '男');
INSERT INTO `student` (`s_id`, `s_name`, `s_date`, `s_sex`) VALUES (5, '周梅', '1991-12-01', '女');
INSERT INTO `student` (`s_id`, `s_name`, `s_date`, `s_sex`) VALUES (6, '吴兰', '1992-01-01', '女');
INSERT INTO `student` (`s_id`, `s_name`, `s_date`, `s_sex`) VALUES (7, '郑竹', '1989-01-01', '女');
INSERT INTO `student` (`s_id`, `s_name`, `s_date`, `s_sex`) VALUES (9, '张三', '2017-12-20', '女');
INSERT INTO `student` (`s_id`, `s_name`, `s_date`, `s_sex`) VALUES (10, '李四', '2017-12-25', '女');
INSERT INTO `student` (`s_id`, `s_name`, `s_date`, `s_sex`) VALUES (11, '李四', '2012-06-06', '女');
INSERT INTO `student` (`s_id`, `s_name`, `s_date`, `s_sex`) VALUES (12, '赵六', '2013-06-13', '女');
INSERT INTO `student` (`s_id`, `s_name`, `s_date`, `s_sex`) VALUES (13, '孙七', '2014-06-01', '女');
INSERT INTO `teacher` (`t_id`, `t_name`) VALUES (1, '张三');
INSERT INTO `teacher` (`t_id`, `t_name`) VALUES (2, '李四');
INSERT INTO `teacher` (`t_id`, `t_name`) VALUES (3, '王五');
